{
  "total_holders": 15656,
  "top_10_holders": 91.12,
  "top_20_holders": 93.15,
  "top_50_holders": 95.32000000000001,
  "top_100_holders": 96.52000000000001
}