{
  "total_holders": 15089,
  "top_10_holders": 89.91,
  "top_20_holders": 91.92999999999999,
  "top_50_holders": 94.62,
  "top_100_holders": 96.17999999999999
}