{
  "total_holders": 15108,
  "top_10_holders": 71.05,
  "top_20_holders": 78.53999999999999,
  "top_50_holders": 86.75999999999999,
  "top_100_holders": 91.73
}