{
  "total_holders": 14989,
  "top_10_holders": 80.05000000000001,
  "top_20_holders": 85.80000000000001,
  "top_50_holders": 90.78,
  "top_100_holders": 94.0
}