{
  "total_holders": 15108,
  "top_10_holders": 70.67999999999999,
  "top_20_holders": 78.91,
  "top_50_holders": 87.07,
  "top_100_holders": 91.97999999999999
}