{
  "total_holders": 15076,
  "top_10_holders": 71.05,
  "top_20_holders": 78.75999999999999,
  "top_50_holders": 86.91,
  "top_100_holders": 91.86999999999999
}