{
  "total_holders": 15049,
  "top_10_holders": 89.84,
  "top_20_holders": 91.85000000000001,
  "top_50_holders": 94.58,
  "top_100_holders": 96.10000000000001
}