{
  "total_holders": 814,
  "top_10_holders": 99.97000000000001,
  "top_20_holders": 99.97000000000001,
  "top_50_holders": 99.97000000000001,
  "top_100_holders": 99.97000000000001
}