{
  "total_holders": 643777,
  "top_10_holders": 66.57000000000001,
  "top_20_holders": 73.88000000000001,
  "top_50_holders": 79.86,
  "top_100_holders": 85.72
}