{
  "total_holders": 598769,
  "top_10_holders": 68.97,
  "top_20_holders": 74.89999999999999,
  "top_50_holders": 80.08,
  "top_100_holders": 85.53999999999999
}