{
  "total_holders": 656652,
  "top_10_holders": 67.53,
  "top_20_holders": 74.88000000000001,
  "top_50_holders": 80.12,
  "top_100_holders": 85.66000000000001
}