{
  "total_holders": 619158,
  "top_10_holders": 69.08999999999999,
  "top_20_holders": 74.99,
  "top_50_holders": 80.45,
  "top_100_holders": 85.83999999999999
}