{
  "total_holders": 636553,
  "top_10_holders": 66.25999999999999,
  "top_20_holders": 73.11999999999999,
  "top_50_holders": 79.07,
  "top_100_holders": 85.2
}