{
  "total_holders": 635167,
  "top_10_holders": 66.75999999999999,
  "top_20_holders": 73.63,
  "top_50_holders": 79.28,
  "top_100_holders": 85.14999999999999
}