{
  "total_holders": 630951,
  "top_10_holders": 67.06,
  "top_20_holders": 73.55,
  "top_50_holders": 78.88000000000001,
  "top_100_holders": 84.77000000000001
}