{
  "total_holders": 195218,
  "top_10_holders": 49.589999999999996,
  "top_20_holders": 56.839999999999996,
  "top_50_holders": 67.55,
  "top_100_holders": 74.08
}