{
  "total_holders": 195391,
  "top_10_holders": 50.160000000000004,
  "top_20_holders": 57.410000000000004,
  "top_50_holders": 67.57000000000001,
  "top_100_holders": 73.98
}