{
  "total_holders": 195500,
  "top_10_holders": 49.629999999999995,
  "top_20_holders": 57.629999999999995,
  "top_50_holders": 67.19,
  "top_100_holders": 74.28999999999999
}