{
  "total_holders": 195369,
  "top_10_holders": 50.160000000000004,
  "top_20_holders": 57.410000000000004,
  "top_50_holders": 67.58,
  "top_100_holders": 73.92
}