{
  "total_holders": 195277,
  "top_10_holders": 50.019999999999996,
  "top_20_holders": 58.339999999999996,
  "top_50_holders": 67.04,
  "top_100_holders": 74.05
}