{"total_holders": 161157, "top_10_holders": 0.5784992172339338, "top_20_holders": 0.6776579490490288, "top_50_holders": 0.7747404925932247, "top_100_holders": 0.829535294705607}