{
  "total_holders": 4579607,
  "top_10_holders": 23.669999999999998,
  "top_20_holders": 32.17,
  "top_50_holders": 42.019999999999996,
  "top_100_holders": 47.19
}