{"total_holders": 4404422, "top_10_holders": 0.1587221263326656, "top_20_holders": 0.22805014078606226, "top_50_holders": 0.31302126535833774, "top_100_holders": 0.3809008995353308}