{
  "total_holders": 62106,
  "top_10_holders": 49.660000000000004,
  "top_20_holders": 56.620000000000005,
  "top_50_holders": 69.02,
  "top_100_holders": 80.47
}