{
  "total_holders": 60432,
  "top_10_holders": 50.31,
  "top_20_holders": 57.230000000000004,
  "top_50_holders": 69.60000000000001,
  "top_100_holders": 80.87
}