{
  "total_holders": 48906,
  "top_10_holders": 49.32,
  "top_20_holders": 55.980000000000004,
  "top_50_holders": 69.07000000000001,
  "top_100_holders": 81.86
}