{
  "total_holders": 63665,
  "top_10_holders": 49.89,
  "top_20_holders": 56.870000000000005,
  "top_50_holders": 69.2,
  "top_100_holders": 80.57000000000001
}