{
  "total_holders": 47764,
  "top_10_holders": 54.53,
  "top_20_holders": 65.78999999999999,
  "top_50_holders": 79.17999999999999,
  "top_100_holders": 88.02
}