{
  "total_holders": 45732,
  "top_10_holders": 58.480000000000004,
  "top_20_holders": 68.99000000000001,
  "top_50_holders": 81.35000000000001,
  "top_100_holders": 89.96000000000001
}