{
  "total_holders": 47184,
  "top_10_holders": 56.4,
  "top_20_holders": 66.39999999999999,
  "top_50_holders": 79.59,
  "top_100_holders": 88.67999999999999
}