{
  "total_holders": 45261,
  "top_10_holders": 58.18,
  "top_20_holders": 68.39999999999999,
  "top_50_holders": 81.13,
  "top_100_holders": 89.75999999999999
}