{
  "total_holders": 3302,
  "top_10_holders": 70.77,
  "top_20_holders": 80.32000000000001,
  "top_50_holders": 88.82000000000001,
  "top_100_holders": 93.71000000000001
}