{
  "total_holders": 3385,
  "top_10_holders": 69.57000000000001,
  "top_20_holders": 79.07000000000001,
  "top_50_holders": 88.1,
  "top_100_holders": 93.5
}