{
  "total_holders": 17475,
  "top_10_holders": 75.51,
  "top_20_holders": 82.23,
  "top_50_holders": 89.24000000000001,
  "top_100_holders": 93.46000000000001
}