{
  "total_holders": 14241,
  "top_10_holders": 75.3,
  "top_20_holders": 81.86999999999999,
  "top_50_holders": 88.39999999999999,
  "top_100_holders": 92.39
}