{
  "total_holders": 14299,
  "top_10_holders": 75.03999999999999,
  "top_20_holders": 81.72,
  "top_50_holders": 88.33999999999999,
  "top_100_holders": 92.33
}