{
  "total_holders": 13847,
  "top_10_holders": 76.35000000000001,
  "top_20_holders": 82.56,
  "top_50_holders": 89.10000000000001,
  "top_100_holders": 92.84
}