{
  "total_holders": 153200,
  "top_10_holders": 55.550000000000004,
  "top_20_holders": 60.300000000000004,
  "top_50_holders": 71.2,
  "top_100_holders": 81.69
}