{
  "total_holders": 155688,
  "top_10_holders": 55.080000000000005,
  "top_20_holders": 59.99,
  "top_50_holders": 71.12,
  "top_100_holders": 81.82000000000001
}