{
  "total_holders": 150644,
  "top_10_holders": 55.3,
  "top_20_holders": 60.230000000000004,
  "top_50_holders": 71.57000000000001,
  "top_100_holders": 81.69
}