{
  "total_holders": 148124,
  "top_10_holders": 55.199999999999996,
  "top_20_holders": 59.949999999999996,
  "top_50_holders": 71.14999999999999,
  "top_100_holders": 81.1
}