{
  "total_holders": 137863,
  "top_10_holders": 54.68,
  "top_20_holders": 59.870000000000005,
  "top_50_holders": 71.74000000000001,
  "top_100_holders": 82.07000000000001
}