{
  "total_holders": 2186,
  "top_10_holders": 95.61,
  "top_20_holders": 98.32000000000001,
  "top_50_holders": 99.27000000000001,
  "top_100_holders": 99.49000000000001
}