{
  "total_holders": 2171,
  "top_10_holders": 95.86,
  "top_20_holders": 98.4,
  "top_50_holders": 99.27000000000001,
  "top_100_holders": 99.49000000000001
}