{
  "total_holders": 1940,
  "top_10_holders": 96.47,
  "top_20_holders": 98.59,
  "top_50_holders": 99.69000000000001,
  "top_100_holders": 99.96000000000001
}