{
  "total_holders": 2166,
  "top_10_holders": 96.08000000000001,
  "top_20_holders": 98.42,
  "top_50_holders": 99.26,
  "top_100_holders": 99.49000000000001
}