{
  "total_holders": 2169,
  "top_10_holders": 96.06,
  "top_20_holders": 98.41000000000001,
  "top_50_holders": 99.24000000000001,
  "top_100_holders": 99.47
}