{
  "total_holders": 2035,
  "top_10_holders": 97.3,
  "top_20_holders": 98.85000000000001,
  "top_50_holders": 99.71000000000001,
  "top_100_holders": 99.97
}