{
  "total_holders": 1938,
  "top_10_holders": 96.7,
  "top_20_holders": 98.66000000000001,
  "top_50_holders": 99.7,
  "top_100_holders": 99.96000000000001
}