{
  "total_holders": 1792,
  "top_10_holders": 96.82000000000001,
  "top_20_holders": 98.59,
  "top_50_holders": 99.73,
  "top_100_holders": 99.99000000000001
}