{
  "total_holders": 2183,
  "top_10_holders": 95.74000000000001,
  "top_20_holders": 98.24000000000001,
  "top_50_holders": 99.26,
  "top_100_holders": 99.45
}