{
  "total_holders": 2173,
  "top_10_holders": 95.9,
  "top_20_holders": 98.41000000000001,
  "top_50_holders": 99.26,
  "top_100_holders": 99.49000000000001
}