{
  "total_holders": 16230,
  "top_10_holders": 79.72,
  "top_20_holders": 89.96000000000001,
  "top_50_holders": 94.92,
  "top_100_holders": 96.35000000000001
}