{
  "total_holders": 13787,
  "top_10_holders": 14.209999999999999,
  "top_20_holders": 18.759999999999998,
  "top_50_holders": 27.09,
  "top_100_holders": 34.79
}