{
  "total_holders": 15646,
  "top_10_holders": 17.88,
  "top_20_holders": 22.439999999999998,
  "top_50_holders": 30.349999999999998,
  "top_100_holders": 37.92
}