{
  "total_holders": 82332,
  "top_10_holders": 75.13,
  "top_20_holders": 81.28999999999999,
  "top_50_holders": 88.92999999999999,
  "top_100_holders": 92.58999999999999
}