{
  "total_holders": 83923,
  "top_10_holders": 72.02,
  "top_20_holders": 77.85000000000001,
  "top_50_holders": 86.71000000000001,
  "top_100_holders": 91.48
}