{"total_holders": 17108799, "top_10_holders": 0.08619062759999999, "top_20_holders": 0.1153478789, "top_50_holders": 0.14738691129999998, "top_100_holders": 0.17153949539999996}