{"total_holder": 1472383, "top_10_holders": 0.7506905474000001, "top_20_holders": 0.7691327494000001, "top_50_holders": 0.7934812577999999, "top_100_holders": 0.8124031358999999}