{
  "total_holders": 66269,
  "top_10_holders": 80.59,
  "top_20_holders": 83.71000000000001,
  "top_50_holders": 87.60000000000001,
  "top_100_holders": 90.26
}