{
  "total_holders": 66248,
  "top_10_holders": 80.99000000000001,
  "top_20_holders": 83.60000000000001,
  "top_50_holders": 87.22,
  "top_100_holders": 90.05
}