{
  "total_holders": 64997,
  "top_10_holders": 80.93,
  "top_20_holders": 83.21000000000001,
  "top_50_holders": 87.10000000000001,
  "top_100_holders": 89.86
}