{
  "total_holders": 65021,
  "top_10_holders": 80.92999999999999,
  "top_20_holders": 83.2,
  "top_50_holders": 87.13,
  "top_100_holders": 89.89999999999999
}