{
  "total_holders": 66360,
  "top_10_holders": 80.47,
  "top_20_holders": 83.67,
  "top_50_holders": 87.50999999999999,
  "top_100_holders": 90.14999999999999
}