{
  "total_holders": 59560,
  "top_10_holders": 43.75,
  "top_20_holders": 56.49,
  "top_50_holders": 72.03999999999999,
  "top_100_holders": 80.42999999999999
}