{
  "total_holders": 93257,
  "top_10_holders": 46.74,
  "top_20_holders": 57.940000000000005,
  "top_50_holders": 72.96000000000001,
  "top_100_holders": 82.97
}