{
  "total_holders": 93527,
  "top_10_holders": 46.29,
  "top_20_holders": 56.980000000000004,
  "top_50_holders": 72.53,
  "top_100_holders": 82.57000000000001
}