{
  "total_holders": 97719,
  "top_10_holders": 45.79,
  "top_20_holders": 57.089999999999996,
  "top_50_holders": 73.66,
  "top_100_holders": 82.42999999999999
}