{
  "total_holders": 94559,
  "top_10_holders": 47.19,
  "top_20_holders": 57.519999999999996,
  "top_50_holders": 73.67999999999999,
  "top_100_holders": 82.92
}