{
  "total_holders": 98831,
  "top_10_holders": 43.57,
  "top_20_holders": 54.089999999999996,
  "top_50_holders": 70.85,
  "top_100_holders": 80.92999999999999
}