{
  "total_holders": 20207,
  "top_10_holders": 93.65,
  "top_20_holders": 95.82000000000001,
  "top_50_holders": 97.56,
  "top_100_holders": 98.57000000000001
}