{
  "total_holders": 2575,
  "top_10_holders": 99.25,
  "top_20_holders": 99.48,
  "top_50_holders": 99.66000000000001,
  "top_100_holders": 99.66000000000001
}