{
  "total_holders": 2251,
  "top_10_holders": 99.28,
  "top_20_holders": 99.56,
  "top_50_holders": 99.67999999999999,
  "top_100_holders": 99.67999999999999
}