{
  "total_holders": 142897,
  "top_10_holders": 26.580000000000002,
  "top_20_holders": 31.580000000000002,
  "top_50_holders": 45.980000000000004,
  "top_100_holders": 68.98
}