{
  "total_holders": 136940,
  "top_10_holders": 23.430000000000003,
  "top_20_holders": 28.430000000000003,
  "top_50_holders": 43.15,
  "top_100_holders": 66.15
}