{
  "total_holders": 138938,
  "top_10_holders": 25.029999999999998,
  "top_20_holders": 30.029999999999998,
  "top_50_holders": 44.589999999999996,
  "top_100_holders": 67.59
}