{
  "total_holders": 129834,
  "top_10_holders": 23.549999999999997,
  "top_20_holders": 28.549999999999997,
  "top_50_holders": 43.35,
  "top_100_holders": 66.35
}