{
  "total_holders": 144585,
  "top_10_holders": 26.779999999999998,
  "top_20_holders": 31.779999999999998,
  "top_50_holders": 46.18,
  "top_100_holders": 69.18
}