{
  "total_holders": 143647,
  "top_10_holders": 26.139999999999997,
  "top_20_holders": 31.139999999999997,
  "top_50_holders": 45.58,
  "top_100_holders": 68.58
}