{
  "total_holders": 146032,
  "top_10_holders": 26.939999999999998,
  "top_20_holders": 31.939999999999998,
  "top_50_holders": 46.42,
  "top_100_holders": 69.42
}