{
  "total_holders": 141757,
  "top_10_holders": 26.220000000000002,
  "top_20_holders": 31.220000000000002,
  "top_50_holders": 45.63,
  "top_100_holders": 68.63
}