{
  "total_holders": 9122,
  "top_10_holders": 84.19999999999999,
  "top_20_holders": 87.58,
  "top_50_holders": 90.86999999999999,
  "top_100_holders": 93.27999999999999
}