{
  "total_holders": 5489,
  "top_10_holders": 97.60000000000001,
  "top_20_holders": 98.10000000000001,
  "top_50_holders": 98.63,
  "top_100_holders": 98.94
}