{
  "total_holders": 6151,
  "top_10_holders": 95.97999999999999,
  "top_20_holders": 96.96,
  "top_50_holders": 97.89999999999999,
  "top_100_holders": 98.52
}