{
  "total_holders": 8965,
  "top_10_holders": 84.86999999999999,
  "top_20_holders": 88.17999999999999,
  "top_50_holders": 91.32,
  "top_100_holders": 93.50999999999999
}