{
  "total_holders": 65480,
  "top_10_holders": 46.739999999999995,
  "top_20_holders": 53.08,
  "top_50_holders": 61.08,
  "top_100_holders": 65.67999999999999
}