{
  "total_holders": 74566,
  "top_10_holders": 41.5,
  "top_20_holders": 48.089999999999996,
  "top_50_holders": 58.05,
  "top_100_holders": 63.019999999999996
}