{
  "total_holders": 67818,
  "top_10_holders": 45.410000000000004,
  "top_20_holders": 52.0,
  "top_50_holders": 60.440000000000005,
  "top_100_holders": 64.99
}