{
  "total_holders": 90883,
  "top_10_holders": 41.66,
  "top_20_holders": 51.809999999999995,
  "top_50_holders": 61.589999999999996,
  "top_100_holders": 65.83
}