{
  "total_holders": 508,
  "top_10_holders": 99.88,
  "top_20_holders": 99.97999999999999,
  "top_50_holders": 99.97999999999999,
  "top_100_holders": 99.97999999999999
}