{
  "total_holders": 220,
  "top_10_holders": 99.92,
  "top_20_holders": 99.96000000000001,
  "top_50_holders": 99.96000000000001,
  "top_100_holders": 99.96000000000001
}