{
  "total_holders": 4676,
  "top_10_holders": 57.769999999999996,
  "top_20_holders": 70.6,
  "top_50_holders": 84.42999999999999,
  "top_100_holders": 89.69
}