{
  "total_holders": 1367105,
  "top_10_holders": 59.839999999999996,
  "top_20_holders": 67.42999999999999,
  "top_50_holders": 75.53,
  "top_100_holders": 79.08
}