{
  "total_holders": 1364952,
  "top_10_holders": 59.839999999999996,
  "top_20_holders": 67.44,
  "top_50_holders": 75.53999999999999,
  "top_100_holders": 79.1
}