{
  "total_holders": 1336621,
  "top_10_holders": 60.339999999999996,
  "top_20_holders": 67.92999999999999,
  "top_50_holders": 75.71,
  "top_100_holders": 79.24
}