{
  "total_holders": 1377485,
  "top_10_holders": 59.019999999999996,
  "top_20_holders": 64.48,
  "top_50_holders": 70.85,
  "top_100_holders": 74.42999999999999
}