{
  "total_holders": 10435,
  "top_10_holders": 50.449999999999996,
  "top_20_holders": 60.699999999999996,
  "top_50_holders": 77.4,
  "top_100_holders": 87.08
}