{
  "total_holders": 10293,
  "top_10_holders": 51.87,
  "top_20_holders": 62.519999999999996,
  "top_50_holders": 78.50999999999999,
  "top_100_holders": 87.6
}