{
  "total_holders": 9867,
  "top_10_holders": 59.26,
  "top_20_holders": 72.82000000000001,
  "top_50_holders": 83.8,
  "top_100_holders": 90.07000000000001
}