{
  "total_holders": 7999,
  "top_10_holders": 98.36999999999999,
  "top_20_holders": 98.67999999999999,
  "top_50_holders": 99.17,
  "top_100_holders": 99.67
}