{
  "total_holders": 7884,
  "top_10_holders": 98.35,
  "top_20_holders": 98.66,
  "top_50_holders": 99.14999999999999,
  "top_100_holders": 99.64999999999999
}