{
  "total_holders": 10330,
  "top_10_holders": 80.33,
  "top_20_holders": 84.57000000000001,
  "top_50_holders": 89.02000000000001,
  "top_100_holders": 92.27000000000001
}