{
  "total_holders": 10352,
  "top_10_holders": 79.91,
  "top_20_holders": 84.14,
  "top_50_holders": 88.67999999999999,
  "top_100_holders": 92.11999999999999
}