{
  "total_holders": 9373,
  "top_10_holders": 77.92,
  "top_20_holders": 83.46000000000001,
  "top_50_holders": 88.42,
  "top_100_holders": 91.57000000000001
}