{
  "total_holders": 10149,
  "top_10_holders": 79.75999999999999,
  "top_20_holders": 84.14,
  "top_50_holders": 88.89999999999999,
  "top_100_holders": 92.44999999999999
}