{
  "total_holders": 4430,
  "top_10_holders": 93.61999999999999,
  "top_20_holders": 97.36,
  "top_50_holders": 99.5,
  "top_100_holders": 99.72999999999999
}