{
  "total_holders": 4597,
  "top_10_holders": 95.83,
  "top_20_holders": 98.02,
  "top_50_holders": 99.47999999999999,
  "top_100_holders": 99.72999999999999
}