{
  "total_holders": 4461,
  "top_10_holders": 94.35000000000001,
  "top_20_holders": 97.55,
  "top_50_holders": 99.49000000000001,
  "top_100_holders": 99.73
}