{
  "total_holders": 4497,
  "top_10_holders": 94.42999999999999,
  "top_20_holders": 97.57,
  "top_50_holders": 99.50999999999999,
  "top_100_holders": 99.74
}