{
  "total_holders": 4606,
  "top_10_holders": 95.78,
  "top_20_holders": 98.00999999999999,
  "top_50_holders": 99.46,
  "top_100_holders": 99.69999999999999
}