{
  "total_holders": 4623,
  "top_10_holders": 95.35000000000001,
  "top_20_holders": 97.96000000000001,
  "top_50_holders": 99.44,
  "top_100_holders": 99.71000000000001
}