{
  "total_holders": 4433,
  "top_10_holders": 93.62,
  "top_20_holders": 97.37,
  "top_50_holders": 99.49000000000001,
  "top_100_holders": 99.74000000000001
}