{
  "total_holders": 4608,
  "top_10_holders": 95.32000000000001,
  "top_20_holders": 97.95,
  "top_50_holders": 99.47000000000001,
  "top_100_holders": 99.72000000000001
}