{
  "total_holders": 783,
  "top_10_holders": 84.59,
  "top_20_holders": 89.98,
  "top_50_holders": 94.96000000000001,
  "top_100_holders": 97.57000000000001
}