{
  "total_holders": 157170,
  "top_10_holders": 41.769999999999996,
  "top_20_holders": 50.419999999999995,
  "top_50_holders": 64.07,
  "top_100_holders": 70.13
}