{
  "total_holders": 152849,
  "top_10_holders": 41.449999999999996,
  "top_20_holders": 49.279999999999994,
  "top_50_holders": 62.279999999999994,
  "top_100_holders": 68.83
}