{
  "total_holders": 49270,
  "top_10_holders": 77.25,
  "top_20_holders": 82.71000000000001,
  "top_50_holders": 88.24000000000001,
  "top_100_holders": 90.54
}