{
  "total_holders": 44555,
  "top_10_holders": 79.25999999999999,
  "top_20_holders": 84.17999999999999,
  "top_50_holders": 88.13,
  "top_100_holders": 90.97
}