{
  "total_holders": 43485,
  "top_10_holders": 79.32000000000001,
  "top_20_holders": 84.07000000000001,
  "top_50_holders": 88.42,
  "top_100_holders": 91.27
}