{
  "total_holders": 38920,
  "top_10_holders": 83.32000000000001,
  "top_20_holders": 86.7,
  "top_50_holders": 90.5,
  "top_100_holders": 93.02000000000001
}