{
  "total_holders": 17815,
  "top_10_holders": 58.970000000000006,
  "top_20_holders": 68.8,
  "top_50_holders": 84.74000000000001,
  "top_100_holders": 92.58
}