{
  "total_holders": 19457,
  "top_10_holders": 63.449999999999996,
  "top_20_holders": 72.38,
  "top_50_holders": 85.92999999999999,
  "top_100_holders": 92.85
}