{
  "total_holders": 20211,
  "top_10_holders": 58.559999999999995,
  "top_20_holders": 67.78,
  "top_50_holders": 82.50999999999999,
  "top_100_holders": 90.46
}