{"total_holders": 47597301, "top_10_holders": 0.058276854778863435, "top_20_holders": 0.0804444381740006, "top_50_holders": 0.11667501400882106, "top_100_holders": 0.14637266167207325}