{
  "total_holders": 372951,
  "top_10_holders": 52.739999999999995,
  "top_20_holders": 61.74,
  "top_50_holders": 74.64,
  "top_100_holders": 84.64999999999999
}