{
  "total_holders": 370136,
  "top_10_holders": 52.809999999999995,
  "top_20_holders": 61.86,
  "top_50_holders": 75.14999999999999,
  "top_100_holders": 84.95
}