{
  "total_holders": 355886,
  "top_10_holders": 52.339999999999996,
  "top_20_holders": 61.339999999999996,
  "top_50_holders": 73.94,
  "top_100_holders": 83.75
}