{
  "total_holders": 377730,
  "top_10_holders": 51.75,
  "top_20_holders": 60.75,
  "top_50_holders": 74.49000000000001,
  "top_100_holders": 84.21000000000001
}