{
  "total_holders": 355104,
  "top_10_holders": 52.269999999999996,
  "top_20_holders": 61.269999999999996,
  "top_50_holders": 73.92,
  "top_100_holders": 83.75
}