{
  "total_holders": 363879,
  "top_10_holders": 52.580000000000005,
  "top_20_holders": 61.690000000000005,
  "top_50_holders": 74.39,
  "top_100_holders": 84.01
}