{
  "total_holders": 377769,
  "top_10_holders": 51.720000000000006,
  "top_20_holders": 60.720000000000006,
  "top_50_holders": 74.46000000000001,
  "top_100_holders": 84.17
}