{
  "total_holders": 367231,
  "top_10_holders": 52.720000000000006,
  "top_20_holders": 61.85,
  "top_50_holders": 74.60000000000001,
  "top_100_holders": 84.21000000000001
}