{
  "total_holders": 377799,
  "top_10_holders": 51.660000000000004,
  "top_20_holders": 60.660000000000004,
  "top_50_holders": 74.43,
  "top_100_holders": 84.15
}