{
  "total_holders": 377065,
  "top_10_holders": 51.650000000000006,
  "top_20_holders": 60.650000000000006,
  "top_50_holders": 74.41,
  "top_100_holders": 84.11
}