{
  "total_holders": 362785,
  "top_10_holders": 52.580000000000005,
  "top_20_holders": 61.690000000000005,
  "top_50_holders": 74.3,
  "top_100_holders": 83.97
}