{"total_holders": 369687, "top_10_holders": 0.5210515544493263, "top_20_holders": 0.6110515544493262, "top_50_holders": 0.7434513587585945, "top_100_holders": 0.844731135490105}