{
  "total_holders": 359300,
  "top_10_holders": 52.330000000000005,
  "top_20_holders": 61.330000000000005,
  "top_50_holders": 73.93,
  "top_100_holders": 83.77
}