{
  "total_holders": 358784,
  "top_10_holders": 52.330000000000005,
  "top_20_holders": 61.330000000000005,
  "top_50_holders": 73.91,
  "top_100_holders": 83.74000000000001
}