{
  "total_holders": 377395,
  "top_10_holders": 51.800000000000004,
  "top_20_holders": 60.800000000000004,
  "top_50_holders": 74.54,
  "top_100_holders": 84.26
}