{
  "total_holders": 374748,
  "top_10_holders": 51.910000000000004,
  "top_20_holders": 60.910000000000004,
  "top_50_holders": 73.77,
  "top_100_holders": 83.43
}