{
  "total_holders": 374177,
  "top_10_holders": 52.949999999999996,
  "top_20_holders": 61.949999999999996,
  "top_50_holders": 74.86999999999999,
  "top_100_holders": 84.05
}