{
  "total_holders": 364817,
  "top_10_holders": 52.660000000000004,
  "top_20_holders": 61.78,
  "top_50_holders": 74.47,
  "top_100_holders": 84.07000000000001
}