{
  "total_holders": 377846,
  "top_10_holders": 52.160000000000004,
  "top_20_holders": 61.160000000000004,
  "top_50_holders": 74.83,
  "top_100_holders": 84.41
}