{
  "total_holders": 377136,
  "top_10_holders": 51.870000000000005,
  "top_20_holders": 60.870000000000005,
  "top_50_holders": 73.73,
  "top_100_holders": 83.31
}