{
  "total_holders": 122077,
  "top_10_holders": 67.58,
  "top_20_holders": 75.53999999999999,
  "top_50_holders": 84.78999999999999,
  "top_100_holders": 89.88
}