{
  "total_holders": 121931,
  "top_10_holders": 67.78999999999999,
  "top_20_holders": 75.48,
  "top_50_holders": 84.78999999999999,
  "top_100_holders": 89.8
}