{
  "total_holders": 38680,
  "top_10_holders": 76.62,
  "top_20_holders": 84.28999999999999,
  "top_50_holders": 91.92,
  "top_100_holders": 94.78999999999999
}