{
  "total_holders": 39457,
  "top_10_holders": 64.57000000000001,
  "top_20_holders": 74.66,
  "top_50_holders": 87.41,
  "top_100_holders": 93.21000000000001
}