{
  "total_holders": 38858,
  "top_10_holders": 75.79,
  "top_20_holders": 84.82000000000001,
  "top_50_holders": 92.71000000000001,
  "top_100_holders": 95.1
}