{
  "total_holders": 39479,
  "top_10_holders": 67.07000000000001,
  "top_20_holders": 76.21000000000001,
  "top_50_holders": 86.92,
  "top_100_holders": 93.64
}