{
  "total_holders": 37750,
  "top_10_holders": 75.03999999999999,
  "top_20_holders": 82.75,
  "top_50_holders": 91.72,
  "top_100_holders": 94.64999999999999
}