{
  "total_holders": 4595,
  "top_10_holders": 95.59,
  "top_20_holders": 96.07000000000001,
  "top_50_holders": 96.76,
  "top_100_holders": 97.35000000000001
}