{
  "total_holders": 5641,
  "top_10_holders": 95.78,
  "top_20_holders": 96.24000000000001,
  "top_50_holders": 96.87,
  "top_100_holders": 97.38000000000001
}