{
  "total_holders": 4132,
  "top_10_holders": 95.61,
  "top_20_holders": 96.11999999999999,
  "top_50_holders": 96.78999999999999,
  "top_100_holders": 97.38
}