{
  "total_holders": 4349,
  "top_10_holders": 90.61999999999999,
  "top_20_holders": 94.17999999999999,
  "top_50_holders": 99.1,
  "top_100_holders": 99.97
}