{
  "total_holders": 4325,
  "top_10_holders": 89.55000000000001,
  "top_20_holders": 93.39,
  "top_50_holders": 99.06,
  "top_100_holders": 99.94000000000001
}