{
  "total_holders": 54051,
  "top_10_holders": 90.39,
  "top_20_holders": 92.61999999999999,
  "top_50_holders": 94.92999999999999,
  "top_100_holders": 96.42999999999999
}