{
  "total_holders": 75368,
  "top_10_holders": 80.92999999999999,
  "top_20_holders": 85.67,
  "top_50_holders": 90.21,
  "top_100_holders": 93.97999999999999
}