{
  "total_holders": 70092,
  "top_10_holders": 81.39999999999999,
  "top_20_holders": 86.00999999999999,
  "top_50_holders": 90.58,
  "top_100_holders": 94.28999999999999
}