{
  "total_holders": 54784,
  "top_10_holders": 90.07000000000001,
  "top_20_holders": 92.41,
  "top_50_holders": 94.88000000000001,
  "top_100_holders": 96.44
}