{
  "total_holders": 53996,
  "top_10_holders": 90.41,
  "top_20_holders": 92.63,
  "top_50_holders": 94.97999999999999,
  "top_100_holders": 96.47999999999999
}