{
  "total_holders": 56476,
  "top_10_holders": 87.74000000000001,
  "top_20_holders": 90.96000000000001,
  "top_50_holders": 94.33,
  "top_100_holders": 96.2
}