{
  "total_holders": 173369,
  "top_10_holders": 41.1,
  "top_20_holders": 51.05,
  "top_50_holders": 61.589999999999996,
  "top_100_holders": 68.28999999999999
}