{
  "total_holders": 170681,
  "top_10_holders": 49.910000000000004,
  "top_20_holders": 57.89,
  "top_50_holders": 67.10000000000001,
  "top_100_holders": 72.69
}