{
  "total_holders": 173341,
  "top_10_holders": 41.199999999999996,
  "top_20_holders": 51.089999999999996,
  "top_50_holders": 61.64,
  "top_100_holders": 68.22
}