{
  "total_holders": 165670,
  "top_10_holders": 55.580000000000005,
  "top_20_holders": 62.68,
  "top_50_holders": 69.59,
  "top_100_holders": 74.49000000000001
}