{
  "total_holders": 78510,
  "top_10_holders": 91.35,
  "top_20_holders": 92.97999999999999,
  "top_50_holders": 94.06,
  "top_100_holders": 94.67999999999999
}