{
  "total_holders": 78158,
  "top_10_holders": 91.24,
  "top_20_holders": 92.92,
  "top_50_holders": 94.03999999999999,
  "top_100_holders": 94.64999999999999
}