{
  "total_holders": 78661,
  "top_10_holders": 91.17999999999999,
  "top_20_holders": 92.96,
  "top_50_holders": 94.03,
  "top_100_holders": 94.64999999999999
}