{
  "total_holders": 78749,
  "top_10_holders": 91.36999999999999,
  "top_20_holders": 92.97999999999999,
  "top_50_holders": 94.07,
  "top_100_holders": 94.69
}