{
  "total_holders": 78825,
  "top_10_holders": 91.06,
  "top_20_holders": 92.89999999999999,
  "top_50_holders": 94.00999999999999,
  "top_100_holders": 94.61999999999999
}