{
  "total_holders": 79555,
  "top_10_holders": 91.39999999999999,
  "top_20_holders": 93.03999999999999,
  "top_50_holders": 94.11999999999999,
  "top_100_holders": 94.74
}