{
  "total_holders": 78536,
  "top_10_holders": 91.39999999999999,
  "top_20_holders": 93.24,
  "top_50_holders": 94.22999999999999,
  "top_100_holders": 94.8
}