{
  "total_holders": 78804,
  "top_10_holders": 91.02,
  "top_20_holders": 92.86999999999999,
  "top_50_holders": 93.99,
  "top_100_holders": 94.61999999999999
}