{
  "total_holders": 78020,
  "top_10_holders": 91.22,
  "top_20_holders": 92.89999999999999,
  "top_50_holders": 94.03,
  "top_100_holders": 94.64999999999999
}