{
  "total_holders": 78956,
  "top_10_holders": 91.36,
  "top_20_holders": 93.00999999999999,
  "top_50_holders": 94.11999999999999,
  "top_100_holders": 94.72
}