{
  "total_holders": 78005,
  "top_10_holders": 91.6,
  "top_20_holders": 93.45,
  "top_50_holders": 94.36999999999999,
  "top_100_holders": 94.89999999999999
}