{
  "total_holders": 79348,
  "top_10_holders": 91.16,
  "top_20_holders": 92.92999999999999,
  "top_50_holders": 93.97999999999999,
  "top_100_holders": 94.6
}