{
  "total_holders": 128449,
  "top_10_holders": 41.050000000000004,
  "top_20_holders": 48.980000000000004,
  "top_50_holders": 63.59,
  "top_100_holders": 72.36
}