{
  "total_holders": 167382,
  "top_10_holders": 90.6,
  "top_20_holders": 92.00999999999999,
  "top_50_holders": 93.82,
  "top_100_holders": 95.11999999999999
}