{
  "total_holders": 170176,
  "top_10_holders": 91.36999999999999,
  "top_20_holders": 92.39999999999999,
  "top_50_holders": 93.89999999999999,
  "top_100_holders": 95.17999999999999
}