{
  "total_holders": 169609,
  "top_10_holders": 91.75,
  "top_20_holders": 92.91000000000001,
  "top_50_holders": 94.28,
  "top_100_holders": 95.49000000000001
}