{
  "total_holders": 167763,
  "top_10_holders": 90.69000000000001,
  "top_20_holders": 92.14,
  "top_50_holders": 93.94000000000001,
  "top_100_holders": 95.19000000000001
}