{
  "total_holders": 169210,
  "top_10_holders": 91.75,
  "top_20_holders": 93.35000000000001,
  "top_50_holders": 94.88000000000001,
  "top_100_holders": 96.05
}