{
  "total_holders": 8043,
  "top_10_holders": 62.15,
  "top_20_holders": 74.10000000000001,
  "top_50_holders": 91.3,
  "top_100_holders": 96.24000000000001
}