{
  "total_holders": 30091,
  "top_10_holders": 93.58999999999999,
  "top_20_holders": 95.89999999999999,
  "top_50_holders": 97.96,
  "top_100_holders": 98.81
}