{
  "total_holders": 30125,
  "top_10_holders": 93.58,
  "top_20_holders": 96.06,
  "top_50_holders": 98.25999999999999,
  "top_100_holders": 99.08999999999999
}