{
  "total_holders": 30317,
  "top_10_holders": 93.75,
  "top_20_holders": 96.03999999999999,
  "top_50_holders": 98.25999999999999,
  "top_100_holders": 99.07
}