{
  "total_holders": 30167,
  "top_10_holders": 93.75999999999999,
  "top_20_holders": 96.03,
  "top_50_holders": 97.95,
  "top_100_holders": 98.75999999999999
}