{
  "total_holders": 30082,
  "top_10_holders": 93.58999999999999,
  "top_20_holders": 95.92999999999999,
  "top_50_holders": 97.97,
  "top_100_holders": 98.81
}