{
  "total_holders": 54393,
  "top_10_holders": 83.48,
  "top_20_holders": 88.19,
  "top_50_holders": 92.57000000000001,
  "top_100_holders": 95.38000000000001
}