{
  "total_holders": 46454,
  "top_10_holders": 61.910000000000004,
  "top_20_holders": 71.82000000000001,
  "top_50_holders": 83.37,
  "top_100_holders": 92.14
}