{
  "total_holders": 443164,
  "top_10_holders": 40.010000000000005,
  "top_20_holders": 50.75,
  "top_50_holders": 65.77,
  "top_100_holders": 76.57000000000001
}