{
  "total_holders": 22444,
  "top_10_holders": 90.50999999999999,
  "top_20_holders": 92.86999999999999,
  "top_50_holders": 95.52,
  "top_100_holders": 96.78
}