{
  "total_holders": 22568,
  "top_10_holders": 91.19,
  "top_20_holders": 93.14,
  "top_50_holders": 95.67999999999999,
  "top_100_holders": 96.92999999999999
}