{
  "total_holders": 20105,
  "top_10_holders": 88.97999999999999,
  "top_20_holders": 92.39999999999999,
  "top_50_holders": 95.57,
  "top_100_holders": 96.86
}