{
  "total_holders": 22804,
  "top_10_holders": 90.63,
  "top_20_holders": 93.14999999999999,
  "top_50_holders": 95.31,
  "top_100_holders": 96.64999999999999
}