{
  "total_holders": 20576,
  "top_10_holders": 88.27000000000001,
  "top_20_holders": 92.22,
  "top_50_holders": 95.32000000000001,
  "top_100_holders": 96.66000000000001
}