{
  "total_holders": 21451,
  "top_10_holders": 88.53,
  "top_20_holders": 92.19000000000001,
  "top_50_holders": 95.21000000000001,
  "top_100_holders": 96.51
}