{
  "total_holders": 22792,
  "top_10_holders": 90.97,
  "top_20_holders": 93.17999999999999,
  "top_50_holders": 95.33999999999999,
  "top_100_holders": 96.67
}