{
  "total_holders": 111,
  "top_10_holders": 93.86999999999999,
  "top_20_holders": 98.75999999999999,
  "top_50_holders": 99.95,
  "top_100_holders": 99.98
}