{
  "total_holders": 110,
  "top_10_holders": 95.57000000000001,
  "top_20_holders": 98.99000000000001,
  "top_50_holders": 99.96000000000001,
  "top_100_holders": 99.97
}