{
  "total_holders": 110,
  "top_10_holders": 95.28999999999999,
  "top_20_holders": 98.92999999999999,
  "top_50_holders": 99.91,
  "top_100_holders": 99.92999999999999
}