{
  "total_holders": 183,
  "top_10_holders": 99.95,
  "top_20_holders": 99.97999999999999,
  "top_50_holders": 99.97999999999999,
  "top_100_holders": 99.97999999999999
}