{
  "total_holders": 47290,
  "top_10_holders": 73.86,
  "top_20_holders": 78.78999999999999,
  "top_50_holders": 83.67999999999999,
  "top_100_holders": 87.42
}