{
  "total_holders": 50345,
  "top_10_holders": 73.72,
  "top_20_holders": 78.67999999999999,
  "top_50_holders": 83.67999999999999,
  "top_100_holders": 87.46
}