{
  "total_holders": 53724,
  "top_10_holders": 71.74000000000001,
  "top_20_holders": 77.10000000000001,
  "top_50_holders": 83.05,
  "top_100_holders": 86.76
}