{
  "total_holders": 51666,
  "top_10_holders": 72.71000000000001,
  "top_20_holders": 78.13000000000001,
  "top_50_holders": 83.5,
  "top_100_holders": 87.36
}