{
  "total_holders": 95159,
  "top_10_holders": 42.589999999999996,
  "top_20_holders": 50.46,
  "top_50_holders": 58.949999999999996,
  "top_100_holders": 63.54
}