{
  "total_holders": 92051,
  "top_10_holders": 41.839999999999996,
  "top_20_holders": 49.99,
  "top_50_holders": 58.54,
  "top_100_holders": 63.339999999999996
}