{
  "total_holders": 91937,
  "top_10_holders": 41.85,
  "top_20_holders": 49.839999999999996,
  "top_50_holders": 58.449999999999996,
  "top_100_holders": 63.1
}