{
  "total_holders": 95860,
  "top_10_holders": 42.56,
  "top_20_holders": 50.6,
  "top_50_holders": 59.160000000000004,
  "top_100_holders": 63.910000000000004
}