{
  "total_holders": 82690,
  "top_10_holders": 32.64,
  "top_20_holders": 39.699999999999996,
  "top_50_holders": 50.089999999999996,
  "top_100_holders": 56.21
}