{
  "total_holders": 27342,
  "top_10_holders": 93.07000000000001,
  "top_20_holders": 97.32000000000001,
  "top_50_holders": 99.47,
  "top_100_holders": 99.71000000000001
}