{
  "total_holders": 28853,
  "top_10_holders": 92.66,
  "top_20_holders": 96.32000000000001,
  "top_50_holders": 99.07000000000001,
  "top_100_holders": 99.65
}