{
  "total_holders": 75369,
  "top_10_holders": 95.82000000000001,
  "top_20_holders": 96.94000000000001,
  "top_50_holders": 98.26,
  "top_100_holders": 99.05000000000001
}