{
  "total_holders": 76627,
  "top_10_holders": 95.82000000000001,
  "top_20_holders": 96.96000000000001,
  "top_50_holders": 98.33000000000001,
  "top_100_holders": 99.07000000000001
}