{
  "total_holders": 77335,
  "top_10_holders": 95.35000000000001,
  "top_20_holders": 96.54,
  "top_50_holders": 97.94,
  "top_100_holders": 98.82000000000001
}