{
  "total_holders": 73649,
  "top_10_holders": 95.78999999999999,
  "top_20_holders": 96.92999999999999,
  "top_50_holders": 98.22,
  "top_100_holders": 98.98
}