{
  "total_holders": 75527,
  "top_10_holders": 95.85000000000001,
  "top_20_holders": 97.01,
  "top_50_holders": 98.33,
  "top_100_holders": 99.07000000000001
}