{
  "total_holders": 77529,
  "top_10_holders": 95.96000000000001,
  "top_20_holders": 96.9,
  "top_50_holders": 98.27000000000001,
  "top_100_holders": 99.0
}