{
  "total_holders": 76925,
  "top_10_holders": 95.84,
  "top_20_holders": 96.88000000000001,
  "top_50_holders": 98.2,
  "top_100_holders": 98.96000000000001
}