{
  "total_holders": 77938,
  "top_10_holders": 94.76,
  "top_20_holders": 96.41000000000001,
  "top_50_holders": 97.87,
  "top_100_holders": 98.77000000000001
}