{
  "total_holders": 77330,
  "top_10_holders": 95.88000000000001,
  "top_20_holders": 96.93,
  "top_50_holders": 98.21000000000001,
  "top_100_holders": 99.03
}