{
  "total_holders": 78077,
  "top_10_holders": 94.78999999999999,
  "top_20_holders": 96.44999999999999,
  "top_50_holders": 97.88999999999999,
  "top_100_holders": 98.67999999999999
}