{
  "total_holders": 78005,
  "top_10_holders": 95.85000000000001,
  "top_20_holders": 96.89,
  "top_50_holders": 98.17,
  "top_100_holders": 98.96000000000001
}