{
  "total_holders": 77418,
  "top_10_holders": 95.88000000000001,
  "top_20_holders": 96.92,
  "top_50_holders": 98.2,
  "top_100_holders": 99.02000000000001
}