{
  "total_holders": 1979621,
  "top_10_holders": 20.0,
  "top_20_holders": 27.14,
  "top_50_holders": 37.519999999999996,
  "top_100_holders": 48.089999999999996
}