{
  "total_holders": 53195,
  "top_10_holders": 98.02000000000001,
  "top_20_holders": 98.27000000000001,
  "top_50_holders": 98.37,
  "top_100_holders": 98.37
}