{
  "total_holders": 52152,
  "top_10_holders": 98.88000000000001,
  "top_20_holders": 99.21000000000001,
  "top_50_holders": 99.55,
  "top_100_holders": 99.55
}