{
  "total_holders": 53584,
  "top_10_holders": 97.9,
  "top_20_holders": 98.19000000000001,
  "top_50_holders": 98.35000000000001,
  "top_100_holders": 98.35000000000001
}