{
  "total_holders": 52719,
  "top_10_holders": 98.97000000000001,
  "top_20_holders": 99.27000000000001,
  "top_50_holders": 99.49000000000001,
  "top_100_holders": 99.49000000000001
}