{
  "total_holders": 52191,
  "top_10_holders": 98.77000000000001,
  "top_20_holders": 99.15,
  "top_50_holders": 99.5,
  "top_100_holders": 99.52000000000001
}