{
  "total_holders": 54006,
  "top_10_holders": 97.85000000000001,
  "top_20_holders": 98.13000000000001,
  "top_50_holders": 98.31,
  "top_100_holders": 98.31
}