{
  "total_holders": 52833,
  "top_10_holders": 99.08000000000001,
  "top_20_holders": 99.34,
  "top_50_holders": 99.46000000000001,
  "top_100_holders": 99.46000000000001
}