{
  "total_holders": 52045,
  "top_10_holders": 98.82000000000001,
  "top_20_holders": 99.17,
  "top_50_holders": 99.51,
  "top_100_holders": 99.52000000000001
}