{
  "total_holders": 52346,
  "top_10_holders": 98.83,
  "top_20_holders": 99.17,
  "top_50_holders": 99.49000000000001,
  "top_100_holders": 99.49000000000001
}