{
  "total_holders": 125309,
  "top_10_holders": 47.35,
  "top_20_holders": 53.519999999999996,
  "top_50_holders": 61.089999999999996,
  "top_100_holders": 65.39
}