{
  "total_holders": 119291,
  "top_10_holders": 46.910000000000004,
  "top_20_holders": 52.75,
  "top_50_holders": 60.410000000000004,
  "top_100_holders": 65.41
}