{
  "total_holders": 168412,
  "top_10_holders": 45.18,
  "top_20_holders": 54.019999999999996,
  "top_50_holders": 66.13,
  "top_100_holders": 76.78999999999999
}