{
  "total_holders": 12166,
  "top_10_holders": 79.39,
  "top_20_holders": 85.25,
  "top_50_holders": 92.32000000000001,
  "top_100_holders": 96.88000000000001
}