{
  "total_holders": 12652,
  "top_10_holders": 82.64999999999999,
  "top_20_holders": 87.07,
  "top_50_holders": 93.71,
  "top_100_holders": 97.14999999999999
}