{
  "total_holders": 12109,
  "top_10_holders": 78.97,
  "top_20_holders": 85.17999999999999,
  "top_50_holders": 92.48,
  "top_100_holders": 96.92999999999999
}