{
  "total_holders": 13013,
  "top_10_holders": 82.21000000000001,
  "top_20_holders": 86.84,
  "top_50_holders": 93.35000000000001,
  "top_100_holders": 97.2
}