{
  "total_holders": 207248,
  "top_10_holders": 73.81,
  "top_20_holders": 82.67999999999999,
  "top_50_holders": 89.53999999999999,
  "top_100_holders": 92.72
}