{
  "total_holders": 210629,
  "top_10_holders": 71.74000000000001,
  "top_20_holders": 80.45,
  "top_50_holders": 88.39,
  "top_100_holders": 92.21000000000001
}