{
  "total_holders": 209384,
  "top_10_holders": 72.21000000000001,
  "top_20_holders": 80.95,
  "top_50_holders": 88.77,
  "top_100_holders": 92.46000000000001
}