{
  "total_holders": 212978,
  "top_10_holders": 72.03999999999999,
  "top_20_holders": 80.28999999999999,
  "top_50_holders": 87.92,
  "top_100_holders": 91.8
}