{
  "total_holders": 196742,
  "top_10_holders": 40.980000000000004,
  "top_20_holders": 49.480000000000004,
  "top_50_holders": 63.72,
  "top_100_holders": 74.33
}