{
  "total_holders": 217692,
  "top_10_holders": 41.760000000000005,
  "top_20_holders": 50.730000000000004,
  "top_50_holders": 62.92,
  "top_100_holders": 74.04
}