{
  "total_holders": 203715,
  "top_10_holders": 41.089999999999996,
  "top_20_holders": 49.449999999999996,
  "top_50_holders": 63.11,
  "top_100_holders": 73.34
}