{
  "total_holders": 36981,
  "top_10_holders": 89.42999999999999,
  "top_20_holders": 92.32,
  "top_50_holders": 95.78999999999999,
  "top_100_holders": 96.95
}