{
  "total_holders": 15784,
  "top_10_holders": 88.64999999999999,
  "top_20_holders": 92.88,
  "top_50_holders": 95.64,
  "top_100_holders": 97.03999999999999
}