{
  "total_holders": 17896,
  "top_10_holders": 89.41000000000001,
  "top_20_holders": 92.93,
  "top_50_holders": 95.44000000000001,
  "top_100_holders": 96.85000000000001
}