{
  "total_holders": 39113,
  "top_10_holders": 88.95,
  "top_20_holders": 92.14,
  "top_50_holders": 95.63000000000001,
  "top_100_holders": 96.82000000000001
}