{
  "total_holders": 35118,
  "top_10_holders": 90.07000000000001,
  "top_20_holders": 92.97,
  "top_50_holders": 96.03,
  "top_100_holders": 97.05000000000001
}