{
  "total_holders": 39304,
  "top_10_holders": 89.0,
  "top_20_holders": 92.11999999999999,
  "top_50_holders": 95.66,
  "top_100_holders": 96.86999999999999
}