{
  "total_holders": 27677,
  "top_10_holders": 89.47999999999999,
  "top_20_holders": 93.24,
  "top_50_holders": 95.80999999999999,
  "top_100_holders": 96.91999999999999
}