{
  "total_holders": 40668,
  "top_10_holders": 87.82000000000001,
  "top_20_holders": 91.28,
  "top_50_holders": 95.22,
  "top_100_holders": 96.77000000000001
}