{
  "total_holders": 14385,
  "top_10_holders": 88.97999999999999,
  "top_20_holders": 92.91,
  "top_50_holders": 95.72999999999999,
  "top_100_holders": 97.14999999999999
}