{
  "total_holders": 35666,
  "top_10_holders": 89.94999999999999,
  "top_20_holders": 92.86999999999999,
  "top_50_holders": 96.00999999999999,
  "top_100_holders": 97.08
}