{
  "total_holders": 1096,
  "top_10_holders": 99.61,
  "top_20_holders": 99.89999999999999,
  "top_50_holders": 99.89999999999999,
  "top_100_holders": 99.89999999999999
}