{
  "total_holders": 1100,
  "top_10_holders": 99.49,
  "top_20_holders": 99.89999999999999,
  "top_50_holders": 99.89999999999999,
  "top_100_holders": 99.89999999999999
}