{
  "total_holders": 3101,
  "top_10_holders": 99.84,
  "top_20_holders": 99.91000000000001,
  "top_50_holders": 99.91000000000001,
  "top_100_holders": 99.91000000000001
}