{
  "total_holders": 1161,
  "top_10_holders": 29.799999999999997,
  "top_20_holders": 40.85,
  "top_50_holders": 57.949999999999996,
  "top_100_holders": 69.97
}