{
  "total_holders": 1235,
  "top_10_holders": 29.18,
  "top_20_holders": 40.05,
  "top_50_holders": 56.410000000000004,
  "top_100_holders": 68.57000000000001
}