{
  "total_holders": 47299,
  "top_10_holders": 72.50999999999999,
  "top_20_holders": 78.28999999999999,
  "top_50_holders": 85.63,
  "top_100_holders": 91.73
}