{
  "total_holders": 47428,
  "top_10_holders": 70.02,
  "top_20_holders": 76.34,
  "top_50_holders": 84.78999999999999,
  "top_100_holders": 91.36999999999999
}