{
  "total_holders": 111490,
  "top_10_holders": 76.98,
  "top_20_holders": 83.03999999999999,
  "top_50_holders": 88.42999999999999,
  "top_100_holders": 91.92999999999999
}