{
  "total_holders": 111252,
  "top_10_holders": 74.21000000000001,
  "top_20_holders": 81.3,
  "top_50_holders": 87.27,
  "top_100_holders": 91.21000000000001
}