{
  "total_holders": 110620,
  "top_10_holders": 68.53999999999999,
  "top_20_holders": 77.98,
  "top_50_holders": 85.67999999999999,
  "top_100_holders": 90.05
}