{"total_holders": 231862278, "top_10_holders": 0.2916190232, "top_20_holders": 0.31995704910000006, "top_50_holders": 0.3727685983, "top_100_holders": 0.42863421180000005}