{
  "total_holders": 50768,
  "top_10_holders": 83.60000000000001,
  "top_20_holders": 97.46000000000001,
  "top_50_holders": 99.12,
  "top_100_holders": 99.35000000000001
}