{
  "total_holders": 50803,
  "top_10_holders": 83.7,
  "top_20_holders": 97.46000000000001,
  "top_50_holders": 99.13000000000001,
  "top_100_holders": 99.38000000000001
}