{
  "total_holders": 5803,
  "top_10_holders": 84.57000000000001,
  "top_20_holders": 89.10000000000001,
  "top_50_holders": 94.76,
  "top_100_holders": 97.96000000000001
}