{
  "total_holders": 13063,
  "top_10_holders": 89.55,
  "top_20_holders": 94.10000000000001,
  "top_50_holders": 98.07000000000001,
  "top_100_holders": 99.56
}