{
  "total_holders": 9213,
  "top_10_holders": 90.60000000000001,
  "top_20_holders": 94.89,
  "top_50_holders": 98.27,
  "top_100_holders": 99.71000000000001
}