{
  "total_holders": 3079,
  "top_10_holders": 98.95,
  "top_20_holders": 99.58,
  "top_50_holders": 99.88000000000001,
  "top_100_holders": 99.88000000000001
}