{
  "total_holders": 8171,
  "top_10_holders": 94.07000000000001,
  "top_20_holders": 98.01,
  "top_50_holders": 99.60000000000001,
  "top_100_holders": 99.85000000000001
}