{
  "total_holders": 9134,
  "top_10_holders": 90.60000000000001,
  "top_20_holders": 94.95,
  "top_50_holders": 98.32000000000001,
  "top_100_holders": 99.72
}