{
  "total_holders": 8012,
  "top_10_holders": 94.35000000000001,
  "top_20_holders": 98.32000000000001,
  "top_50_holders": 99.67,
  "top_100_holders": 99.85000000000001
}