{
  "total_holders": 3884,
  "top_10_holders": 98.75,
  "top_20_holders": 99.49000000000001,
  "top_50_holders": 99.88000000000001,
  "top_100_holders": 99.88000000000001
}