{
  "total_holders": 180,
  "top_10_holders": 84.63000000000001,
  "top_20_holders": 89.24000000000001,
  "top_50_holders": 95.9,
  "top_100_holders": 99.36
}