{
  "total_holders": 176,
  "top_10_holders": 85.27,
  "top_20_holders": 89.61999999999999,
  "top_50_holders": 96.02,
  "top_100_holders": 99.39999999999999
}