{
  "total_holders": 145668,
  "top_10_holders": 28.720000000000002,
  "top_20_holders": 31.680000000000003,
  "top_50_holders": 34.9,
  "top_100_holders": 37.18
}