{
  "total_holders": 152527,
  "top_10_holders": 28.950000000000003,
  "top_20_holders": 31.810000000000002,
  "top_50_holders": 35.080000000000005,
  "top_100_holders": 37.61
}