{
  "total_holders": 145284,
  "top_10_holders": 28.680000000000003,
  "top_20_holders": 31.6,
  "top_50_holders": 34.800000000000004,
  "top_100_holders": 37.11
}