{
  "total_holders": 152578,
  "top_10_holders": 28.930000000000003,
  "top_20_holders": 31.78,
  "top_50_holders": 35.03,
  "top_100_holders": 37.510000000000005
}