{
  "total_holders": 152541,
  "top_10_holders": 28.89,
  "top_20_holders": 31.750000000000004,
  "top_50_holders": 35.0,
  "top_100_holders": 37.440000000000005
}