{
  "total_holders": 152535,
  "top_10_holders": 28.930000000000003,
  "top_20_holders": 31.790000000000003,
  "top_50_holders": 35.04,
  "top_100_holders": 37.510000000000005
}