{
  "total_holders": 148696,
  "top_10_holders": 28.720000000000002,
  "top_20_holders": 31.630000000000003,
  "top_50_holders": 34.980000000000004,
  "top_100_holders": 37.27
}