{
  "total_holders": 144911,
  "top_10_holders": 28.680000000000003,
  "top_20_holders": 31.560000000000002,
  "top_50_holders": 34.760000000000005,
  "top_100_holders": 37.07
}