{
  "total_holders": 152545,
  "top_10_holders": 28.950000000000003,
  "top_20_holders": 31.82,
  "top_50_holders": 35.11,
  "top_100_holders": 37.660000000000004
}