{
  "total_holders": 143311,
  "top_10_holders": 28.680000000000003,
  "top_20_holders": 31.540000000000003,
  "top_50_holders": 34.81,
  "top_100_holders": 37.18
}