{
  "total_holders": 151522,
  "top_10_holders": 28.8,
  "top_20_holders": 31.630000000000003,
  "top_50_holders": 34.88,
  "top_100_holders": 37.330000000000005
}