{
  "total_holders": 152655,
  "top_10_holders": 28.970000000000002,
  "top_20_holders": 31.840000000000003,
  "top_50_holders": 35.080000000000005,
  "top_100_holders": 37.68
}