{
  "total_holders": 2322,
  "top_10_holders": 99.28999999999999,
  "top_20_holders": 99.42999999999999,
  "top_50_holders": 99.72999999999999,
  "top_100_holders": 99.78999999999999
}