{
  "total_holders": 2344,
  "top_10_holders": 99.27999999999999,
  "top_20_holders": 99.42999999999999,
  "top_50_holders": 99.72999999999999,
  "top_100_holders": 99.8
}