{
  "total_holders": 2325,
  "top_10_holders": 99.25999999999999,
  "top_20_holders": 99.41999999999999,
  "top_50_holders": 99.72,
  "top_100_holders": 99.78999999999999
}