{
  "total_holders": 2354,
  "top_10_holders": 99.25999999999999,
  "top_20_holders": 99.39999999999999,
  "top_50_holders": 99.7,
  "top_100_holders": 99.78
}