{
  "total_holders": 51252,
  "top_10_holders": 24.59,
  "top_20_holders": 24.69,
  "top_50_holders": 24.990000000000002,
  "top_100_holders": 25.490000000000002
}