{
  "total_holders": 51580,
  "top_10_holders": 29.11,
  "top_20_holders": 29.209999999999997,
  "top_50_holders": 29.509999999999998,
  "top_100_holders": 30.009999999999998
}