{
  "total_holders": 51478,
  "top_10_holders": 29.13,
  "top_20_holders": 29.23,
  "top_50_holders": 29.529999999999998,
  "top_100_holders": 30.029999999999998
}