{
  "total_holders": 50658,
  "top_10_holders": 24.66,
  "top_20_holders": 24.76,
  "top_50_holders": 25.060000000000002,
  "top_100_holders": 25.560000000000002
}