{
  "total_holders": 50909,
  "top_10_holders": 22.25,
  "top_20_holders": 22.35,
  "top_50_holders": 22.650000000000002,
  "top_100_holders": 23.150000000000002
}