{
  "total_holders": 51874,
  "top_10_holders": 24.57,
  "top_20_holders": 24.67,
  "top_50_holders": 24.970000000000002,
  "top_100_holders": 25.470000000000002
}