{
  "total_holders": 282253,
  "top_10_holders": 47.63,
  "top_20_holders": 56.519999999999996,
  "top_50_holders": 65.79,
  "top_100_holders": 71.92999999999999
}