{
  "total_holders": 285500,
  "top_10_holders": 48.769999999999996,
  "top_20_holders": 57.87,
  "top_50_holders": 66.67999999999999,
  "top_100_holders": 72.55
}