{
  "total_holders": 285312,
  "top_10_holders": 48.769999999999996,
  "top_20_holders": 57.86,
  "top_50_holders": 66.67,
  "top_100_holders": 72.53999999999999
}