{
  "total_holders": 92794,
  "top_10_holders": 53.410000000000004,
  "top_20_holders": 63.14,
  "top_50_holders": 77.21000000000001,
  "top_100_holders": 85.12
}