{
  "total_holders": 299053,
  "top_10_holders": 93.86999999999999,
  "top_20_holders": 95.21,
  "top_50_holders": 96.80999999999999,
  "top_100_holders": 97.41
}