{
  "total_holders": 300298,
  "top_10_holders": 93.88999999999999,
  "top_20_holders": 95.22999999999999,
  "top_50_holders": 96.85,
  "top_100_holders": 97.41999999999999
}