{
  "total_holders": 297914,
  "top_10_holders": 93.88000000000001,
  "top_20_holders": 95.21000000000001,
  "top_50_holders": 96.82000000000001,
  "top_100_holders": 97.42
}