{
  "total_holders": 300330,
  "top_10_holders": 93.89999999999999,
  "top_20_holders": 95.25,
  "top_50_holders": 96.86999999999999,
  "top_100_holders": 97.44
}