{
  "total_holders": 301643,
  "top_10_holders": 96.17999999999999,
  "top_20_holders": 96.75999999999999,
  "top_50_holders": 97.13999999999999,
  "top_100_holders": 97.63999999999999
}