{
  "total_holders": 299400,
  "top_10_holders": 93.86,
  "top_20_holders": 95.19999999999999,
  "top_50_holders": 96.80999999999999,
  "top_100_holders": 97.39999999999999
}