{
  "total_holders": 302171,
  "top_10_holders": 96.22,
  "top_20_holders": 96.77,
  "top_50_holders": 97.11999999999999,
  "top_100_holders": 97.61999999999999
}