{
  "total_holders": 7145,
  "top_10_holders": 80.47,
  "top_20_holders": 89.91000000000001,
  "top_50_holders": 96.94,
  "top_100_holders": 98.24000000000001
}