{
  "total_holders": 7906,
  "top_10_holders": 85.05,
  "top_20_holders": 89.42999999999999,
  "top_50_holders": 96.74,
  "top_100_holders": 98.17999999999999
}