{
  "total_holders": 7818,
  "top_10_holders": 85.12,
  "top_20_holders": 89.42,
  "top_50_holders": 96.52000000000001,
  "top_100_holders": 98.10000000000001
}