{
  "total_holders": 89299,
  "top_10_holders": 69.81,
  "top_20_holders": 75.44,
  "top_50_holders": 83.53999999999999,
  "top_100_holders": 88.75999999999999
}