{
  "total_holders": 87621,
  "top_10_holders": 66.75999999999999,
  "top_20_holders": 73.28999999999999,
  "top_50_holders": 82.33,
  "top_100_holders": 88.00999999999999
}