{
  "total_holders": 87140,
  "top_10_holders": 68.42999999999999,
  "top_20_holders": 74.58999999999999,
  "top_50_holders": 83.67999999999999,
  "top_100_holders": 88.92999999999999
}