{
  "total_holders": 19492,
  "top_10_holders": 98.05000000000001,
  "top_20_holders": 98.2,
  "top_50_holders": 98.46000000000001,
  "top_100_holders": 98.46000000000001
}