{
  "total_holders": 21791,
  "top_10_holders": 97.2,
  "top_20_holders": 97.39,
  "top_50_holders": 97.69000000000001,
  "top_100_holders": 97.96000000000001
}