{
  "total_holders": 22032,
  "top_10_holders": 96.99000000000001,
  "top_20_holders": 97.19000000000001,
  "top_50_holders": 97.5,
  "top_100_holders": 97.83000000000001
}