{
  "total_holders": 21737,
  "top_10_holders": 97.10000000000001,
  "top_20_holders": 97.3,
  "top_50_holders": 97.60000000000001,
  "top_100_holders": 97.87
}