{
  "total_holders": 22050,
  "top_10_holders": 97.08000000000001,
  "top_20_holders": 97.28,
  "top_50_holders": 97.58000000000001,
  "top_100_holders": 97.86000000000001
}