{
  "total_holders": 19434,
  "top_10_holders": 98.05000000000001,
  "top_20_holders": 98.21000000000001,
  "top_50_holders": 98.49000000000001,
  "top_100_holders": 98.49000000000001
}