{
  "total_holders": 22017,
  "top_10_holders": 97.14,
  "top_20_holders": 97.32000000000001,
  "top_50_holders": 97.62,
  "top_100_holders": 97.88000000000001
}