{
  "total_holders": 20166,
  "top_10_holders": 97.75,
  "top_20_holders": 97.96000000000001,
  "top_50_holders": 98.26,
  "top_100_holders": 98.47000000000001
}