{
  "total_holders": 21407,
  "top_10_holders": 97.13000000000001,
  "top_20_holders": 97.33000000000001,
  "top_50_holders": 97.64,
  "top_100_holders": 98.0
}