{
  "total_holders": 21867,
  "top_10_holders": 97.19000000000001,
  "top_20_holders": 97.37,
  "top_50_holders": 97.67,
  "top_100_holders": 97.94000000000001
}