{
  "total_holders": 19566,
  "top_10_holders": 98.0,
  "top_20_holders": 98.16000000000001,
  "top_50_holders": 98.46000000000001,
  "top_100_holders": 98.46000000000001
}