{
  "total_holders": 86385,
  "top_10_holders": 52.440000000000005,
  "top_20_holders": 60.45,
  "top_50_holders": 68.82000000000001,
  "top_100_holders": 74.15
}