{
  "total_holders": 1464,
  "top_10_holders": 96.35000000000001,
  "top_20_holders": 98.66,
  "top_50_holders": 99.46000000000001,
  "top_100_holders": 99.73
}