{
  "total_holders": 1260,
  "top_10_holders": 97.85000000000001,
  "top_20_holders": 99.01,
  "top_50_holders": 99.60000000000001,
  "top_100_holders": 99.77
}