{
  "total_holders": 73623,
  "top_10_holders": 68.35000000000001,
  "top_20_holders": 74.23,
  "top_50_holders": 80.82000000000001,
  "top_100_holders": 84.86
}