{
  "total_holders": 73622,
  "top_10_holders": 68.42999999999999,
  "top_20_holders": 74.17999999999999,
  "top_50_holders": 80.57,
  "top_100_holders": 84.67999999999999
}