{
  "total_holders": 73096,
  "top_10_holders": 58.080000000000005,
  "top_20_holders": 65.28,
  "top_50_holders": 73.38000000000001,
  "top_100_holders": 78.9
}