{
  "total_holders": 73062,
  "top_10_holders": 58.010000000000005,
  "top_20_holders": 64.86,
  "top_50_holders": 73.0,
  "top_100_holders": 78.63000000000001
}