{
  "total_holders": 73704,
  "top_10_holders": 67.56,
  "top_20_holders": 73.61999999999999,
  "top_50_holders": 80.14999999999999,
  "top_100_holders": 84.24
}