{
  "total_holders": 2254967,
  "top_10_holders": 60.61000000000001,
  "top_20_holders": 67.64,
  "top_50_holders": 74.73,
  "top_100_holders": 77.10000000000001
}