{
  "total_holders": 2215883,
  "top_10_holders": 56.839999999999996,
  "top_20_holders": 64.6,
  "top_50_holders": 74.05,
  "top_100_holders": 77.17999999999999
}