{
  "total_holders": 2216673,
  "top_10_holders": 57.050000000000004,
  "top_20_holders": 64.97,
  "top_50_holders": 74.38000000000001,
  "top_100_holders": 77.31
}