{
  "total_holders": 495198,
  "top_10_holders": 28.669999999999998,
  "top_20_holders": 37.519999999999996,
  "top_50_holders": 50.37,
  "top_100_holders": 59.19
}