{
  "total_holders": 44167,
  "top_10_holders": 50.010000000000005,
  "top_20_holders": 61.940000000000005,
  "top_50_holders": 74.63,
  "top_100_holders": 83.97
}