{
  "total_holders": 43900,
  "top_10_holders": 50.010000000000005,
  "top_20_holders": 61.550000000000004,
  "top_50_holders": 74.36,
  "top_100_holders": 83.71000000000001
}