{
  "total_holders": 44033,
  "top_10_holders": 50.010000000000005,
  "top_20_holders": 61.480000000000004,
  "top_50_holders": 74.31,
  "top_100_holders": 83.65
}