{
  "total_holders": 40012,
  "top_10_holders": 50.550000000000004,
  "top_20_holders": 62.980000000000004,
  "top_50_holders": 76.31,
  "top_100_holders": 85.64
}