{
  "total_holders": 41056,
  "top_10_holders": 51.63,
  "top_20_holders": 61.51,
  "top_50_holders": 73.67999999999999,
  "top_100_holders": 84.17999999999999
}