{
  "total_holders": 44238,
  "top_10_holders": 50.010000000000005,
  "top_20_holders": 61.93,
  "top_50_holders": 74.48,
  "top_100_holders": 83.82000000000001
}