{
  "total_holders": 41727,
  "top_10_holders": 89.79,
  "top_20_holders": 93.47,
  "top_50_holders": 96.24000000000001,
  "top_100_holders": 97.88000000000001
}