{
  "total_holders": 41549,
  "top_10_holders": 89.35000000000001,
  "top_20_holders": 92.94,
  "top_50_holders": 96.26,
  "top_100_holders": 97.88000000000001
}