{
  "total_holders": 46803,
  "top_10_holders": 88.92,
  "top_20_holders": 93.53999999999999,
  "top_50_holders": 96.96,
  "top_100_holders": 98.25999999999999
}