{
  "total_holders": 41760,
  "top_10_holders": 88.85000000000001,
  "top_20_holders": 92.53,
  "top_50_holders": 95.97,
  "top_100_holders": 97.99000000000001
}