{
  "total_holders": 53410,
  "top_10_holders": 87.97,
  "top_20_holders": 92.67999999999999,
  "top_50_holders": 96.77,
  "top_100_holders": 98.42999999999999
}