{
  "total_holders": 1924,
  "top_10_holders": 99.74,
  "top_20_holders": 99.92999999999999,
  "top_50_holders": 99.92999999999999,
  "top_100_holders": 99.92999999999999
}