{
  "total_holders": 11752,
  "top_10_holders": 78.67999999999999,
  "top_20_holders": 82.66,
  "top_50_holders": 85.74,
  "top_100_holders": 88.19999999999999
}