{
  "total_holders": 8405,
  "top_10_holders": 76.92999999999999,
  "top_20_holders": 80.05,
  "top_50_holders": 83.85,
  "top_100_holders": 87.03999999999999
}