{
  "total_holders": 25848,
  "top_10_holders": 24.490000000000002,
  "top_20_holders": 33.56,
  "top_50_holders": 46.730000000000004,
  "top_100_holders": 55.71
}