{
  "total_holders": 218570,
  "top_10_holders": 47.230000000000004,
  "top_20_holders": 58.36,
  "top_50_holders": 75.07000000000001,
  "top_100_holders": 86.53
}