{
  "total_holders": 218644,
  "top_10_holders": 47.53,
  "top_20_holders": 58.400000000000006,
  "top_50_holders": 75.12,
  "top_100_holders": 86.74000000000001
}