{
  "total_holders": 47366,
  "top_10_holders": 69.97999999999999,
  "top_20_holders": 75.64999999999999,
  "top_50_holders": 81.31,
  "top_100_holders": 86.03999999999999
}