{
  "total_holders": 47393,
  "top_10_holders": 69.82,
  "top_20_holders": 76.17999999999999,
  "top_50_holders": 81.53999999999999,
  "top_100_holders": 86.19
}