{
  "total_holders": 47410,
  "top_10_holders": 70.33,
  "top_20_holders": 76.44,
  "top_50_holders": 81.61999999999999,
  "top_100_holders": 86.17999999999999
}