{
  "total_holders": 47311,
  "top_10_holders": 70.46,
  "top_20_holders": 76.03999999999999,
  "top_50_holders": 81.53999999999999,
  "top_100_holders": 86.1
}