{
  "total_holders": 46855,
  "top_10_holders": 69.57000000000001,
  "top_20_holders": 74.88000000000001,
  "top_50_holders": 81.22,
  "top_100_holders": 86.06
}