{
  "total_holders": 47388,
  "top_10_holders": 69.89999999999999,
  "top_20_holders": 76.25999999999999,
  "top_50_holders": 81.61999999999999,
  "top_100_holders": 86.22
}