{
  "total_holders": 20056,
  "top_10_holders": 61.949999999999996,
  "top_20_holders": 71.78,
  "top_50_holders": 83.53999999999999,
  "top_100_holders": 90.34
}