{
  "total_holders": 9400,
  "top_10_holders": 97.85000000000001,
  "top_20_holders": 98.48,
  "top_50_holders": 99.14,
  "top_100_holders": 99.60000000000001
}