{
  "total_holders": 18306,
  "top_10_holders": 90.04,
  "top_20_holders": 92.66000000000001,
  "top_50_holders": 95.77000000000001,
  "top_100_holders": 97.41000000000001
}