{
  "total_holders": 9420,
  "top_10_holders": 96.57000000000001,
  "top_20_holders": 97.57000000000001,
  "top_50_holders": 98.71000000000001,
  "top_100_holders": 99.34
}