{
  "total_holders": 9423,
  "top_10_holders": 96.46000000000001,
  "top_20_holders": 97.57000000000001,
  "top_50_holders": 98.72,
  "top_100_holders": 99.35000000000001
}