{
  "total_holders": 20005,
  "top_10_holders": 58.559999999999995,
  "top_20_holders": 68.44,
  "top_50_holders": 81.42,
  "top_100_holders": 88.92999999999999
}