{
  "total_holders": 11814,
  "top_10_holders": 95.52,
  "top_20_holders": 96.97,
  "top_50_holders": 98.42999999999999,
  "top_100_holders": 99.11999999999999
}