{
  "total_holders": 20515,
  "top_10_holders": 84.60000000000001,
  "top_20_holders": 88.4,
  "top_50_holders": 93.12,
  "top_100_holders": 95.24000000000001
}