{
  "total_holders": 18111,
  "top_10_holders": 90.42999999999999,
  "top_20_holders": 92.92999999999999,
  "top_50_holders": 95.91999999999999,
  "top_100_holders": 97.47
}