{
  "total_holders": 9400,
  "top_10_holders": 97.86,
  "top_20_holders": 98.5,
  "top_50_holders": 99.17999999999999,
  "top_100_holders": 99.64999999999999
}