{
  "total_holders": 9402,
  "top_10_holders": 97.88,
  "top_20_holders": 98.50999999999999,
  "top_50_holders": 99.17999999999999,
  "top_100_holders": 99.64
}