{
  "total_holders": 51563,
  "top_10_holders": 82.42999999999999,
  "top_20_holders": 87.42999999999999,
  "top_50_holders": 91.84,
  "top_100_holders": 94.49
}