{
  "total_holders": 13651,
  "top_10_holders": 75.25,
  "top_20_holders": 81.77,
  "top_50_holders": 87.00999999999999,
  "top_100_holders": 90.53999999999999
}