{
  "total_holders": 2752,
  "top_10_holders": 99.9,
  "top_20_holders": 99.94000000000001,
  "top_50_holders": 99.94000000000001,
  "top_100_holders": 99.94000000000001
}